{
    "feature_columns": [
        "OverallQual",
        "GrLivArea",
        "GarageCars",
        "TotalBsmtSF",
        "FullBath",
        "YearBuilt",
        "Neighborhood",
        "MSZoning",
        "YrSold",
        "HalfBath"
    ],
    "numeric_features": [
        "OverallQual",
        "GrLivArea",
        "GarageCars",
        "TotalBsmtSF",
        "FullBath",
        "YearBuilt",
        "HouseAge",
        "TotalSF",
        "Qual_Area_Interact"
    ],
    "categorical_features": [
        "Neighborhood",
        "MSZoning"
    ],
    "model_version": "3.0-XGBoost-Eng-Tuned",
    "target_transform": "log1p",
    "baseline_metrics": {
        "mae_usd": 17270.828124999993,
        "rmse_usd": 25006.210973678542,
        "mape": 0.11148954273973816
    },
    "reference_distributions": {
        "numeric": {
            "OverallQual": {
                "bins": [
                    1.0,
                    5.0,
                    6.0,
                    7.0,
                    8.0,
                    10.0
                ],
                "proportions": [
                    0.09670781893004116,
                    0.2722908093278464,
                    0.25651577503429357,
                    0.2187928669410151,
                    0.15569272976680384
                ]
            },
            "GrLivArea": {
                "bins": [
                    334.0,
                    912.0,
                    1065.8000000000002,
                    1208.0,
                    1338.8000000000002,
                    1461.5,
                    1577.2000000000003,
                    1709.0,
                    1868.0,
                    2156.3,
                    4476.0
                ],
                "proportions": [
                    0.09876543209876543,
                    0.10150891632373114,
                    0.09945130315500686,
                    0.10013717421124829,
                    0.10013717421124829,
                    0.10013717421124829,
                    0.09807956104252401,
                    0.10082304526748971,
                    0.10082304526748971,
                    0.10013717421124829
                ]
            },
            "GarageCars": {
                "bins": [
                    0.0,
                    1.0,
                    2.0,
                    3.0,
                    4.0
                ],
                "proportions": [
                    0.05555555555555555,
                    0.25308641975308643,
                    0.5644718792866941,
                    0.12688614540466392
                ]
            },
            "TotalBsmtSF": {
                "bins": [
                    0.0,
                    636.7,
                    755.4000000000001,
                    840.0,
                    910.0,
                    991.0,
                    1088.0,
                    1215.9,
                    1390.6000000000001,
                    1600.6,
                    3206.0
                ],
                "proportions": [
                    0.10013717421124829,
                    0.10013717421124829,
                    0.09945130315500686,
                    0.09945130315500686,
                    0.10013717421124829,
                    0.10013717421124829,
                    0.10013717421124829,
                    0.10013717421124829,
                    0.10013717421124829,
                    0.10013717421124829
                ]
            },
            "FullBath": {
                "bins": [
                    0.0,
                    1.0,
                    2.0,
                    3.0
                ],
                "proportions": [
                    0.006172839506172839,
                    0.4458161865569273,
                    0.5480109739368999
                ]
            },
            "YearBuilt": {
                "bins": [
                    1872.0,
                    1924.7,
                    1947.4,
                    1958.0,
                    1965.0,
                    1972.5,
                    1984.0,
                    1997.0,
                    2003.0,
                    2006.0,
                    2010.0
                ],
                "proportions": [
                    0.10013717421124829,
                    0.10013717421124829,
                    0.09807956104252401,
                    0.08984910836762688,
                    0.11179698216735254,
                    0.09876543209876543,
                    0.09259259259259259,
                    0.08984910836762688,
                    0.11179698216735254,
                    0.10699588477366255
                ]
            },
            "HouseAge": {
                "bins": [
                    0.0,
                    1.0,
                    5.0,
                    11.0,
                    24.800000000000068,
                    35.0,
                    43.0,
                    51.0,
                    60.600000000000136,
                    84.0,
                    136.0
                ],
                "proportions": [
                    0.04252400548696845,
                    0.14814814814814814,
                    0.1056241426611797,
                    0.10356652949245541,
                    0.09670781893004116,
                    0.102880658436214,
                    0.09945130315500686,
                    0.10082304526748971,
                    0.09945130315500686,
                    0.10082304526748971
                ]
            },
            "TotalSF": {
                "bins": [
                    334.0,
                    1711.2000000000003,
                    1910.4,
                    2112.0,
                    2280.8,
                    2476.5,
                    2677.2000000000003,
                    2884.0,
                    3161.2000000000003,
                    3545.8999999999996,
                    6872.0
                ],
                "proportions": [
                    0.10013717421124829,
                    0.10013717421124829,
                    0.09739368998628258,
                    0.10219478737997256,
                    0.10013717421124829,
                    0.10013717421124829,
                    0.09739368998628258,
                    0.10219478737997256,
                    0.10013717421124829,
                    0.10013717421124829
                ]
            },
            "Qual_Area_Interact": {
                "bins": [
                    334.0,
                    4470.0,
                    5313.2,
                    6414.0,
                    7597.000000000001,
                    8817.0,
                    9996.0,
                    11352.0,
                    13168.0,
                    15748.8,
                    44760.0
                ],
                "proportions": [
                    0.09739368998628258,
                    0.102880658436214,
                    0.09945130315500686,
                    0.10013717421124829,
                    0.10013717421124829,
                    0.09945130315500686,
                    0.09945130315500686,
                    0.10013717421124829,
                    0.10082304526748971,
                    0.10013717421124829
                ]
            }
        },
        "categorical": {
            "Neighborhood": {
                "proportions": {
                    "NAmes": 0.15432098765432098,
                    "CollgCr": 0.102880658436214,
                    "OldTown": 0.0775034293552812,
                    "Edwards": 0.06721536351165981,
                    "Somerst": 0.05898491083676269,
                    "Gilbert": 0.0541838134430727,
                    "NridgHt": 0.05281207133058985,
                    "Sawyer": 0.05075445816186557,
                    "NWAmes": 0.050068587105624146,
                    "SawyerW": 0.04046639231824417,