{
    "feature_columns": [
        "OverallQual",
        "GrLivArea",
        "GarageCars",
        "TotalBsmtSF",
        "FullBath",
        "YearBuilt",
        "Neighborhood",
        "MSZoning"
    ],
    "numeric_features": [
        "OverallQual",
        "GrLivArea",
        "GarageCars",
        "TotalBsmtSF",
        "FullBath",
        "YearBuilt"
    ],
    "categorical_features": [
        "Neighborhood",
        "MSZoning"
    ],
    "model_version": "2.0-XGBoost-Log",
    "target_transform": "log1p",
    "baseline_metrics": {
        "split": "train_test_split",
        "test_size": 0.2,
        "random_state": 42,
        "mae_usd": 18544.188516695212,
        "rmse_usd": 26938.330500508288,
        "mape": 0.11677487652551403
    },
    "reference_distributions": {
        "numeric": {
            "OverallQual": {
                "bins": [
                    1.0,
                    5.0,
                    6.0,
                    7.0,
                    8.0,
                    10.0
                ],
                "proportions": [
                    0.09684065934065934,
                    0.27266483516483514,
                    0.25686813186813184,
                    0.2190934065934066,
                    0.15453296703296704
                ]
            },
            "GrLivArea": {
                "bins": [
                    334.0,
                    912.0,
                    1065.0,
                    1206.0000000000002,
                    1338.0,
                    1458.5,
                    1576.0,
                    1709.0,
                    1867.0,
                    2151.0,
                    3627.0
                ],
                "proportions": [
                    0.0989010989010989,
                    0.10096153846153846,
                    0.10027472527472528,
                    0.09958791208791208,
                    0.10027472527472528,
                    0.09821428571428571,
                    0.10096153846153846,
                    0.10027472527472528,
                    0.10027472527472528,
                    0.10027472527472528
                ]
            },
            "GarageCars": {
                "bins": [
                    0.0,
                    1.0,
                    2.0,
                    3.0,
                    4.0
                ],
                "proportions": [
                    0.05563186813186813,
                    0.2534340659340659,
                    0.5652472527472527,
                    0.12568681318681318
                ]
            },
            "TotalBsmtSF": {
                "bins": [
                    0.0,
                    636.5,
                    755.0,
                    839.5,
                    910.0,
                    990.5,
                    1086.0000000000002,
                    1214.5,
                    1389.0,
                    1596.5,
                    3206.0
                ],
                "proportions": [
                    0.10027472527472528,
                    0.0989010989010989,
                    0.10096153846153846,
                    0.09958791208791208,
                    0.10027472527472528,
                    0.10027472527472528,
                    0.09958791208791208,
                    0.09958791208791208,
                    0.10027472527472528,
                    0.10027472527472528
                ]
            },
            "FullBath": {
                "bins": [
                    0.0,
                    1.0,
                    2.0,
                    3.0
                ],
                "proportions": [
                    0.006181318681318681,
                    0.44642857142857145,
                    0.5473901098901099
                ]
            },
            "YearBuilt": {
                "bins": [
                    1872.0,
                    1924.5,
                    1947.0,
                    1958.0,
                    1965.0,
                    1972.0,
                    1984.0,
                    1997.0,
                    2003.0,
                    2006.0,
                    2010.0
                ],
                "proportions": [
                    0.10027472527472528,
                    0.09684065934065934,
                    0.10164835164835165,
                    0.08997252747252747,
                    0.09615384615384616,
                    0.11469780219780219,
                    0.09134615384615384,
                    0.08997252747252747,
                    0.11195054945054946,
                    0.10714285714285714
                ]
            }
        },
        "categorical": {
            "Neighborhood": {
                "proportions": {
                    "NAmes": 0.15453296703296704,
                    "CollgCr": 0.10302197802197802,
                    "OldTown": 0.07760989010989011,
                    "Edwards": 0.0673076923076923,
                    "Somerst": 0.059065934065934064,
                    "Gilbert": 0.05425824175824176,
                    "NridgHt": 0.052884615384615384,
                    "Sawyer": 0.050824175824175824,
                    "NWAmes": 0.05013736263736264,
                    "SawyerW": 0.040521978021978024,
                    "BrkSide": 0.03983516483516483,
                    "Crawfor": 0.03502747252747253,
                    "Mitchel": 0.03365384615384615,
                    "NoRidge": 0.026785714285714284,
                    "Timber": 0.0260989010989011,
                    "IDOTRR": 0.025412087912087912,
                    "ClearCr": 0.019230769230769232,
                    "SWISU": 0.017170329670329672,
                    "StoneBr": 0.017170329670329672,
                    "Blmngtn": 0.011675824175824176,
                    "MeadowV": 0.011675824175824176,
                    "BrDale": 0.01098901098901099,
                    "Veenker": 0.007554945054945055,
                    "NPkVill": 0.006181318681318681,
                    "Blueste": 0.0013736263736263737
                }
            },
            "MSZoning": {
                "proportions": {
                    "RL": 0.7877747252747253,
                    "RM": 0.14972527472527472,
                    "FV": 0.044642857142857144,
                    "RH": 0.01098901098901099,
                    "C (all)": 0.006868131868131868
                }
            }
        }
    },
    "metrics": {
        "status": "trained_successfully"
    }
}